id,name,parent_id/id,is_agri,cost_type,cost_driver,uom_id/id,sale_ok,purchase_ok
agri.product_category_animal_feed_grain,Grain,agri.product_category_animal_feed,True,animal_feed,herd,uom.product_uom_kgm,,True
agri.product_category_animal_feed_lick,Lick,agri.product_category_animal_feed,True,animal_feed,herd,uom.product_uom_ton,,True
agri.product_category_crop_cotton,Cotton,agri.product_category_crop,True,crop,land,uom.product_uom_ton,True,
agri.product_category_crop_harvest_fuel,Fuel,agri.product_category_crop_harvest,True,crop_harvest,land,uom.product_uom_litre,,True
agri.product_category_crop_harvest_harvesting,Harvesting,agri.product_category_crop_harvest,True,crop_harvest,crop,uom.product_uom_ton,,True
agri.product_category_crop_harvest_labour,Labour,agri.product_category_crop_harvest,True,crop_harvest,land,agri.agri_uom_ha,,True
agri.product_category_crop_harvest_repairs_maintenance,Repairs & maintenance,agri.product_category_crop_harvest,True,crop_harvest,land,agri.agri_uom_sum,,True
agri.product_category_crop_harvest_transport,Transport,agri.product_category_crop_harvest,True,crop_harvest,crop,uom.product_uom_ton,,True
agri.product_category_crop_input_aerial_spraying,Aerial spraying,agri.product_category_crop_input,True,crop_input,land,agri.agri_uom_ha,,True
agri.product_category_crop_input_consulting,Consulting,agri.product_category_crop_input,True,crop_input,land,agri.agri_uom_sum,,True
agri.product_category_crop_input_credit_interest,Credit interest,agri.product_category_crop_input,True,crop_input,land,agri.agri_uom_sum,,True
agri.product_category_crop_input_electricity,Electricity,agri.product_category_crop_input,True,crop_input,land,agri.agri_uom_sum,,True
agri.product_category_crop_input_fertiliser,Fertiliser,agri.product_category_crop_input,True,crop_input,land,uom.product_uom_ton,,True
agri.product_category_crop_input_fuel,Fuel,agri.product_category_crop_input,True,crop_input,land,uom.product_uom_litre,,True
agri.product_category_crop_input_acaricide,Acaricide,agri.product_category_crop_input,True,crop_input,land,uom.product_uom_litre,,True
agri.product_category_crop_input_adjuvants,Adjuvants,agri.product_category_crop_input,True,crop_input,land,uom.product_uom_litre,,True
agri.product_category_crop_input_bactericide,Bactericide,agri.product_category_crop_input,True,crop_input,land,uom.product_uom_litre,,True
agri.product_category_crop_input_fungicide,Fungicide,agri.product_category_crop_input,True,crop_input,land,uom.product_uom_litre,,True
agri.product_category_crop_input_growth_regulator,Growth regulator,agri.product_category_crop_input,True,crop_input,land,uom.product_uom_litre,,True
agri.product_category_crop_input_herbicide,Herbicide,agri.product_category_crop_input,True,crop_input,land,uom.product_uom_litre,,True
agri.product_category_crop_input_insecticide,Insecticide,agri.product_category_crop_input,True,crop_input,land,uom.product_uom_litre,,True
agri.product_category_crop_input_molluscicide,Molluscicide,agri.product_category_crop_input,True,crop_input,land,uom.product_uom_litre,,True
agri.product_category_crop_input_nematicide,Nematicide,agri.product_category_crop_input,True,crop_input,land,uom.product_uom_litre,,True
agri.product_category_crop_input_rodenticide,Rodenticide,agri.product_category_crop_input,True,crop_input,land,uom.product_uom_litre,,True
agri.product_category_crop_input_hail_insurance,Hail insurance,agri.product_category_crop_input,True,crop_input,land,uom.product_uom_ton,,True
agri.product_category_crop_input_lime,Lime,agri.product_category_crop_input,True,crop_input,land,uom.product_uom_ton,,True
agri.product_category_crop_input_pollination,Pollination,agri.product_category_crop_input,True,crop_input,land,agri.agri_uom_ha,,True
agri.product_category_crop_input_repairs_maintenance,Repairs & maintenance,agri.product_category_crop_input,True,crop_input,land,agri.agri_uom_sum,,True
agri.product_category_crop_input_seasonal_labour,Seasonal labour,agri.product_category_crop_input,True,crop_input,land,agri.agri_uom_ha,,True
agri.product_category_crop_input_seed,Seed,agri.product_category_crop_input,True,crop_input,land,uom.product_uom_kgm,,True
agri.product_category_crop_input_yield_insurance,Yield insurance,agri.product_category_crop_input,True,crop_input,land,uom.product_uom_ton,,True
agri.product_category_crop_marketing_drying_cleaning,Drying & cleaning,agri.product_category_crop_marketing,True,crop_marketing,crop,uom.product_uom_ton,,True
agri.product_category_crop_marketing_grading,Grading,agri.product_category_crop_marketing,True,crop_marketing,crop,agri.agri_uom_each,,True
agri.product_category_crop_marketing_hedging,Hedging,agri.product_category_crop_marketing,True,crop_input,crop,uom.product_uom_ton,,True
agri.product_category_crop_marketing_levy,Levy,agri.product_category_crop_marketing,True,crop_marketing,crop,agri.agri_uom_each,,True
agri.product_category_crop_marketing_packaging_material,Packaging material,agri.product_category_crop_marketing,True,crop_marketing,crop,agri.agri_uom_each,,True
agri.product_category_crop_marketing_packing,Packing,agri.product_category_crop_marketing,True,crop_marketing,crop,agri.agri_uom_each,,True
agri.product_category_crop_marketing_storage,Storage,agri.product_category_crop_marketing,True,crop_marketing,crop,uom.product_uom_day,,True
agri.product_category_crop_establishment_drainage,Drainage,agri.product_category_crop_establishment,True,crop_establishment,land,agri.agri_uom_sum,,True
agri.product_category_crop_establishment_irrigation_equipment,Irrigation equipment,agri.product_category_crop_establishment,True,crop_establishment,land,agri.agri_uom_sum,,True
agri.product_category_crop_establishment_land_preparation,Land preparation,agri.product_category_crop_establishment,True,crop_establishment,land,agri.agri_uom_sum,,True
agri.product_category_crop_establishment_plant_material,Plant material,agri.product_category_crop_establishment,True,crop_establishment,land,agri.agri_uom_each,,True
agri.product_category_crop_establishment_trellising,Trellising,agri.product_category_crop_establishment,True,crop_establishment,land,agri.agri_uom_sum,,True
agri.product_category_husbandry_crutching,Crutching,agri.product_category_husbandry,True,husbandry,herd,agri.agri_uom_lsu,,True
agri.product_category_husbandry_dipping_jetting,Dipping & jetting,agri.product_category_husbandry,True,husbandry,herd,agri.agri_uom_lsu,,True
agri.product_category_husbandry_drenching_vaccination,Drenching & vaccination,agri.product_category_husbandry,True,husbandry,herd,agri.agri_uom_lsu,,True
agri.product_category_husbandry_shearing,Shearing,agri.product_category_husbandry,True,husbandry,herd,agri.agri_uom_lsu,,True
agri.product_category_husbandry_veterinary,Veterinary,agri.product_category_husbandry,True,husbandry,herd,agri.agri_uom_lsu,,True
agri.product_category_livestock_cattle_bull,Bull,agri.product_category_livestock_cattle,True,livestock,head,agri.agri_uom_cattle_bull,True,True
agri.product_category_livestock_cattle_calf,Calf,agri.product_category_livestock_cattle,True,livestock,head,agri.agri_uom_cattle_calf,True,True
agri.product_category_livestock_cattle_cow,Cow,agri.product_category_livestock_cattle,True,livestock,head,agri.agri_uom_cattle_cow,True,True
agri.product_category_livestock_cattle_cow_dairy,Cow (Dairy),agri.product_category_livestock_cattle,True,livestock,head,agri.agri_uom_cattle_cow_dairy,True,True
agri.product_category_livestock_cattle_heifer,Heifer,agri.product_category_livestock_cattle,True,livestock,head,agri.agri_uom_cattle_heifer,True,True
agri.product_category_livestock_cattle_ox,Ox,agri.product_category_livestock_cattle,True,livestock,head,agri.agri_uom_cattle_bull,True,True
agri.product_category_livestock_cattle_steer,Steer,agri.product_category_livestock_cattle,True,livestock,head,agri.agri_uom_cattle_steer,True,True
agri.product_category_livestock_goat_castrate,Castrate,agri.product_category_livestock_goat,True,livestock,head,agri.agri_uom_goat_castrate,True,True
agri.product_category_livestock_goat_ewe,Ewe,agri.product_category_livestock_goat,True,livestock,head,agri.agri_uom_goat_ewe,True,True
agri.product_category_livestock_goat_kid,Kid,agri.product_category_livestock_goat,True,livestock,head,agri.agri_uom_goat_kid,True,True
agri.product_category_livestock_goat_kid_2tooth,Kid (2 tooth),agri.product_category_livestock_goat,True,livestock,head,agri.agri_uom_goat_kid_2tooth,True,True
agri.product_category_livestock_goat_ram,Ram,agri.product_category_livestock_goat,True,livestock,head,agri.agri_uom_goat_ram,True,True
agri.product_category_livestock_game_antelope,Antelope,agri.product_category_livestock_game,True,livestock,head,agri.agri_uom_game_antelope,True,True
agri.product_category_livestock_rabbit_doe,Doe,agri.product_category_livestock_rabbit,True,livestock,head,agri.agri_uom_rabbit,True,True
agri.product_category_livestock_rabbit_kit,Kit,agri.product_category_livestock_rabbit,True,livestock,head,agri.agri_uom_rabbit,True,True
agri.product_category_livestock_rabbit_lapin,Lapin,agri.product_category_livestock_rabbit,True,livestock,head,agri.agri_uom_rabbit,True,True
agri.product_category_livestock_rabbit_weaner_kit,Weaner Kit,agri.product_category_livestock_rabbit,True,livestock,head,agri.agri_uom_rabbit,True,True
agri.product_category_livestock_sheep_ewe,Ewe,agri.product_category_livestock_sheep,True,livestock,head,agri.agri_uom_sheep_ewe,True,True
agri.product_category_livestock_sheep_lamb,Lamb,agri.product_category_livestock_sheep,True,livestock,head,agri.agri_uom_sheep_lamb,True,True
agri.product_category_livestock_sheep_lamb_2tooth,Lamb (2 tooth),agri.product_category_livestock_sheep,True,livestock,head,agri.agri_uom_sheep_lamb_2tooth,True,True
agri.product_category_livestock_sheep_ram,Ram,agri.product_category_livestock_sheep,True,livestock,head,agri.agri_uom_sheep_ram,True,True
agri.product_category_livestock_sheep_wether,Wether,agri.product_category_livestock_sheep,True,livestock,head,agri.agri_uom_sheep_wether,True,True
agri.product_category_livestock_harvest_marketing,Marketing,agri.product_category_livestock_harvest,True,livestock_harvest,head,agri.agri_uom_lsu,,True
agri.product_category_livestock_harvest_transport,Transport,agri.product_category_livestock_harvest,True,livestock_harvest,transport,agri.agri_uom_lsu,,True
agri.product_category_livestock_product_fur,Fur,agri.product_category_livestock_product,True,livestock_product,head,uom.product_uom_kgm,True,
agri.product_category_livestock_product_milk,Milk,agri.product_category_livestock_product,True,livestock_product,head,uom.product_uom_litre,True,
agri.product_category_livestock_product_wool,Wool,agri.product_category_livestock_product,True,livestock_product,head,uom.product_uom_kgm,True,
agri.product_category_other_income_refund,Refund,agri.product_category_other,True,other,crop,agri.agri_uom_each,True,
agri.product_category_overhead_asset_insurance,Asset insurance,agri.product_category_overhead,True,overhead,overhead,agri.agri_uom_sum,,True
agri.product_category_overhead_depreciation,Depreciation,agri.product_category_overhead,True,overhead,overhead,agri.agri_uom_sum,,True
agri.product_category_overhead_electricity,Electricity,agri.product_category_overhead,True,overhead,overhead,agri.agri_uom_sum,,True
agri.product_category_overhead_fuel,Fuel,agri.product_category_overhead,True,overhead,overhead,uom.product_uom_litre,,True
agri.product_category_overhead_license,License,agri.product_category_overhead,True,overhead,overhead,agri.agri_uom_sum,,True
agri.product_category_overhead_loan_interest,Loan interest,agri.product_category_overhead,True,overhead,overhead,agri.agri_uom_sum,,True
agri.product_category_overhead_lubricant,Lubricant,agri.product_category_overhead,True,overhead,overhead,uom.product_uom_litre,,True
agri.product_category_overhead_other,Other,agri.product_category_overhead,True,overhead,overhead,agri.agri_uom_sum,,True
agri.product_category_overhead_permanent_labour,Permanent labour,agri.product_category_overhead,True,overhead,overhead,agri.agri_uom_sum,,True
agri.product_category_overhead_repairs_maintenance,Repairs & maintenance,agri.product_category_overhead,True,overhead,overhead,agri.agri_uom_sum,,True
agri.product_category_overhead_scheduling,Scheduling,agri.product_category_overhead,True,overhead,overhead,agri.agri_uom_sum,,True
agri.product_category_overhead_water,Water,agri.product_category_overhead,True,overhead,overhead,agri.agri_uom_sum,,True
agri.product_category_permanent_crop_pomegranate,Pomegranate,agri.product_category_permanent_crop,True,permanent_crop,land,uom.product_uom_kgm,True,
agri.product_category_acacia,Acacia,agri.product_category_timber,True,timber,land,agri.agri_uom_ha,,True
agri.product_category_afforestation,Afforestation,agri.product_category_timber,True,timber,land,agri.agri_uom_ha,,True
agri.product_category_crop_agriculture,Agriculture,agri.product_category_crop,True,crop,land,uom.product_uom_ton,True,
agri.product_category_permanent_crop_almonds,Almonds,agri.product_category_permanent_crop,True,permanent_crop,land,uom.product_uom_ton,True,
agri.product_category_permanent_crop_aloes,Aloes,agri.product_category_permanent_crop,True,permanent_crop,land,uom.product_uom_ton,True,
agri.product_category_permanent_crop_apples,Apples,agri.product_category_permanent_crop,True,permanent_crop,land,uom.product_uom_ton,True,
agri.product_category_permanent_crop_apricots,Apricots,agri.product_category_permanent_crop,True,permanent_crop,land,uom.product_uom_ton,True,
agri.product_category_non_agri_arable_land,Arable land,agri.product_category_non_agri,True,non_agri,land,agri.agri_uom_ha,,True
agri.product_category_crop_asparagus,Asparagus,agri.product_category_crop,True,crop,land,uom.product_uom_ton,True,
agri.product_category_crop_aubergines,Aubergines [syn. Brinjals],agri.product_category_crop,True,crop,land,uom.product_uom_ton,True,
agri.product_category_permanent_crop_avocados,Avocados,agri.product_category_permanent_crop,True,permanent_crop,land,uom.product_uom_ton,True,
agri.product_category_crop_baby_marrows,Baby marrows [syn. Courgettes],agri.product_category_crop,True,crop,land,uom.product_uom_ton,True,
agri.product_category_permanent_crop_bananas,Bananas,agri.product_category_permanent_crop,True,permanent_crop,land,uom.product_uom_ton,True,
agri.product_category_crop_barley,Barley,agri.product_category_crop,True,crop,land,uom.product_uom_ton,True,
agri.product_category_crop_beans,Beans,agri.product_category_crop,True,crop,land,uom.product_uom_ton,True,
agri.product_category_crop_beans_cow_peas,Beans - Cow peas,agri.product_category_crop,True,crop,land,uom.product_uom_ton,True,
agri.product_category_crop_beans_dry_beans,Beans - Dry beans,agri.product_category_crop,True,crop,land,uom.product_uom_ton,True,
agri.product_category_crop_beans_green_beans,Beans - Green beans,agri.product_category_crop,True,crop,land,uom.product_uom_ton,True,
agri.product_category_crop_beans_kidney_beans,Beans - Kidney beans,agri.product_category_crop,True,crop,land,uom.product_uom_ton,True,
agri.product_category_crop_beetroot,Beetroot [syn. Beet],agri.product_category_crop,True,crop,land,uom.product_uom_ton,True,
agri.product_category_permanent_crop_blackberries,Blackberries,agri.product_category_permanent_crop,True,permanent_crop,land,uom.product_uom_kgm,True,
agri.product_category_permanent_crop_blackcurrants,Blackcurrants,agri.product_category_permanent_crop,True,permanent_crop,land,uom.product_uom_kgm,True,
agri.product_category_permanent_crop_blueberries,Blueberries,agri.product_category_permanent_crop,True,permanent_crop,land,uom.product_uom_kgm,True,
agri.product_category_permanent_crop_boysenberries,Boysenberries,agri.product_category_permanent_crop,True,permanent_crop,land,uom.product_uom_kgm,True,
agri.product_category_permanent_crop_brazil_nuts,Brazil nuts,agri.product_category_permanent_crop,True,permanent_crop,land,uom.product_uom_ton,True,
agri.product_category_crop_broccoli,Broccoli,agri.product_category_crop,True,crop,land,uom.product_uom_ton,True,
agri.product_category_crop_brussels_sprouts,Brussels sprouts,agri.product_category_crop,True,crop,land,uom.product_uom_ton,True,
agri.product_category_non_agri_buildings_and_houses,Buildings and houses,agri.product_category_non_agri,True,non_agri,land,agri.agri_uom_sq_m,,True
agri.product_category_crop_butternuts,Butternuts,agri.product_category_crop,True,crop,land,uom.product_uom_ton,True,
agri.product_category_crop_cabbage,Cabbage,agri.product_category_crop,True,crop,land,uom.product_uom_ton,True,
agri.product_category_permanent_crop_cactus_pears,Cactus pears,agri.product_category_permanent_crop,True,permanent_crop,land,uom.product_uom_ton,True,
agri.product_category_crop_canola,Canola,agri.product_category_crop,True,crop,land,uom.product_uom_ton,True,
agri.product_category_crop_carnations,Carnations,agri.product_category_crop,True,crop,land,uom.product_uom_ton,True,
agri.product_category_crop_carrots,Carrots,agri.product_category_crop,True,crop,land,uom.product_uom_ton,True,
agri.product_category_permanent_crop_cashew_nuts,Cashew nuts,agri.product_category_permanent_crop,True,permanent_crop,land,uom.product_uom_ton,True,
agri.product_category_permanent_crop_castor_oil_plants,Castor oil plants,agri.product_category_permanent_crop,True,permanent_crop,land,uom.product_uom_ton,True,
agri.product_category_crop_cauliflower,Cauliflower,agri.product_category_crop,True,crop,land,uom.product_uom_ton,True,
agri.product_category_crop_celery,Celery,agri.product_category_crop,True,crop,land,uom.product_uom_ton,True,
agri.product_category_permanent_crop_cherries,Cherries,agri.product_category_permanent_crop,True,permanent_crop,land,uom.product_uom_ton,True,
agri.product_category_permanent_crop_chestnuts,Chestnuts,agri.product_category_permanent_crop,True,permanent_crop,land,uom.product_uom_ton,True,
agri.product_category_crop_chicory,Chicory,agri.product_category_crop,True,crop,land,uom.product_uom_ton,True,
agri.product_category_crop_chives,Chives,agri.product_category_crop,True,crop,land,uom.product_uom_ton,True,
agri.product_category_crop_chrysanthemums,Chrysanthemums,agri.product_category_crop,True,crop,land,uom.product_uom_ton,True,
agri.product_category_crop_clementines,Clementines,agri.product_category_crop,True,crop,land,uom.product_uom_ton,True,
agri.product_category_grazing_clover,Clover,agri.product_category_grazing,True,grazing,land,agri.agri_uom_ha,,True
agri.product_category_permanent_crop_coffee,Coffee,agri.product_category_permanent_crop,True,permanent_crop,land,uom.product_uom_ton,True,
agri.product_category_non_agri_cold_stores,Cold stores,agri.product_category_non_agri,True,non_agri,land,agri.agri_uom_sq_m,,True
agri.product_category_conifers,Conifers,agri.product_category_timber,True,timber,land,agri.agri_uom_ha,,True
agri.product_category_grazing_conservation,Conservation,agri.product_category_grazing,True,grazing,land,agri.agri_uom_ha,,True
agri.product_category_non_agri_cow_sheds,Cow sheds,agri.product_category_non_agri,True,non_agri,land,agri.agri_uom_sq_m,,True
agri.product_category_permanent_crop_cranberries,Cranberries,agri.product_category_permanent_crop,True,permanent_crop,land,uom.product_uom_ton,True,
agri.product_category_crop_crops,Crops,agri.product_category_crop,True,crop,land,uom.product_uom_ton,True,
agri.product_category_crop_cucumbers,Cucumbers,agri.product_category_crop,True,crop,land,uom.product_uom_ton,True,
agri.product_category_permanent_crop_currants,Currants,agri.product_category_permanent_crop,True,permanent_crop,land,uom.product_uom_kgm,True,
agri.product_category_crop_cut_flowers,Cut flowers,agri.product_category_crop,True,crop,land,uom.product_uom_ton,True,
agri.product_category_crop_cuttings,Cuttings,agri.product_category_crop,True,crop,land,uom.product_uom_ton,True,
agri.product_category_grazing_cynodon,Cynodon,agri.product_category_grazing,True,grazing,land,agri.agri_uom_ha,,True
agri.product_category_non_agri_dams,Dams,agri.product_category_non_agri,True,non_agri,land,agri.agri_uom_ha,,True
agri.product_category_non_agri_domestic_health,Domestic health,agri.product_category_non_agri,True,non_agri,land,agri.agri_uom_sq_m,,True
agri.product_category_crop_durum,Durum,agri.product_category_crop,True,crop,land,uom.product_uom_ton,True,
agri.product_category_crop_eggplants,Eggplants,agri.product_category_crop,True,crop,land,uom.product_uom_ton,True,
agri.product_category_eucalyptus,Eucalyptus,agri.product_category_timber,True,timber,land,agri.agri_uom_ha,,True
agri.product_category_crop_field_crops,Field crops,agri.product_category_crop,True,crop,land,uom.product_uom_ton,True,
agri.product_category_permanent_crop_figs,Figs,agri.product_category_permanent_crop,True,permanent_crop,land,uom.product_uom_ton,True,
agri.product_category_non_agri_fire_breaks,Fire breaks,agri.product_category_non_agri,True,non_agri,land,agri.agri_uom_ha,,True
agri.product_category_crop_flowers,Flowers,agri.product_category_crop,True,crop,land,uom.product_uom_ton,True,
agri.product_category_non_agri_gardens,Gardens,agri.product_category_non_agri,True,non_agri,land,agri.agri_uom_sq_m,,True
agri.product_category_crop_garlic,Garlic,agri.product_category_crop,True,crop,land,uom.product_uom_ton,True,
agri.product_category_crop_gem_squash,Gem squash,agri.product_category_crop,True,crop,land,uom.product_uom_ton,True,
agri.product_category_crop_gherkins,Gherkins,agri.product_category_crop,True,crop,land,uom.product_uom_ton,True,
agri.product_category_crop_ginger,Ginger,agri.product_category_crop,True,crop,land,uom.product_uom_ton,True,
agri.product_category_crop_gladioli,Gladioli,agri.product_category_crop,True,crop,land,uom.product_uom_ton,True,
agri.product_category_permanent_crop_gooseberries,Gooseberries,agri.product_category_permanent_crop,True,permanent_crop,land,uom.product_uom_ton,True,
agri.product_category_permanent_crop_grapefruit,Grapefruit,agri.product_category_permanent_crop,True,permanent_crop,land,uom.product_uom_ton,True,
agri.product_category_grazing_grass_crops,Grass crops,agri.product_category_grazing,True,grazing,land,agri.agri_uom_ha,,True
agri.product_category_grazing_grazing,Grazing,agri.product_category_grazing,True,grazing,land,agri.agri_uom_ha,,True
agri.product_category_permanent_crop_grenadillas,Grenadillas [syn. Passion fruit],agri.product_category_permanent_crop,True,permanent_crop,land,uom.product_uom_ton,True,
agri.product_category_crop_groundnuts,Groundnuts [syn. Peanuts],agri.product_category_crop,True,crop,land,uom.product_uom_ton,True,
agri.product_category_non_agri_growing_medium,Growing medium,agri.product_category_non_agri,True,non_agri,land,agri.agri_uom_sq_m,,True
agri.product_category_permanent_crop_guavas,Guavas,agri.product_category_permanent_crop,True,permanent_crop,land,uom.product_uom_ton,True,
agri.product_category_permanent_crop_hazelnuts,Hazelnuts,agri.product_category_permanent_crop,True,permanent_crop,land,uom.product_uom_ton,True,
agri.product_category_livestock_product_hides,Hides,agri.product_category_livestock_product,True,livestock_product,head,uom.product_uom_kgm,True,
agri.product_category_permanent_crop_hops,Hops,agri.product_category_permanent_crop,True,permanent_crop,land,uom.product_uom_ton,True,
agri.product_category_permanent_crop_horticultural_crops,Horticultural crops,agri.product_category_permanent_crop,True,permanent_crop,land,uom.product_uom_ton,True,
agri.product_category_crop_hubbard_squash,Hubbard squash,agri.product_category_crop,True,crop,land,uom.product_uom_ton,True,
agri.product_category_grazing_impatiens,Impatiens,agri.product_category_grazing,True,grazing,land,agri.agri_uom_ha,,True
agri.product_category_non_agri_industrial_use,Industrial use,agri.product_category_non_agri,True,non_agri,land,agri.agri_uom_ha,,True
agri.product_category_grazing_kikuyu,Kikuyu,agri.product_category_grazing,True,grazing,land,agri.agri_uom_ha,,True
agri.product_category_permanent_crop_kiwifruit,Kiwifruit,agri.product_category_permanent_crop,True,permanent_crop,land,uom.product_uom_ton,True,
agri.product_category_permanent_crop_kumquats,Kumquats,agri.product_category_permanent_crop,True,permanent_crop,land,uom.product_uom_ton,True,
agri.product_category_non_agri_lakes,Lakes,agri.product_category_non_agri,True,non_agri,land,agri.agri_uom_ha,,True
agri.product_category_non_agri_lawns,Lawns,agri.product_category_non_agri,True,non_agri,land,agri.agri_uom_sq_m,,True
agri.product_category_permanent_crop_lemons,Lemons,agri.product_category_permanent_crop,True,permanent_crop,land,uom.product_uom_ton,True,
agri.product_category_crop_lettuce,Lettuce,agri.product_category_crop,True,crop,land,uom.product_uom_ton,True,
agri.product_category_permanent_crop_limes,Limes,agri.product_category_permanent_crop,True,permanent_crop,land,uom.product_uom_ton,True,
agri.product_category_permanent_crop_litchies,Litchies,agri.product_category_permanent_crop,True,permanent_crop,land,uom.product_uom_ton,True,
agri.product_category_permanent_crop_loganberries,Loganberries,agri.product_category_permanent_crop,True,permanent_crop,land,uom.product_uom_kgm,True,
agri.product_category_grazing_lucerne,Lucerne [syn. Alfalfa],agri.product_category_grazing,True,grazing,land,agri.agri_uom_ha,,True
agri.product_category_grazing_lupins,Lupins,agri.product_category_grazing,True,grazing,land,agri.agri_uom_ha,,True
agri.product_category_permanent_crop_macadamia_nuts,Macadamia nuts,agri.product_category_permanent_crop,True,permanent_crop,land,uom.product_uom_ton,True,
agri.product_category_crop_maize,Maize,agri.product_category_crop,True,crop,land,uom.product_uom_ton,True,
agri.product_category_permanent_crop_mandarins,Mandarins,agri.product_category_permanent_crop,True,permanent_crop,land,uom.product_uom_ton,True,
agri.product_category_permanent_crop_mangoes,Mangoes,agri.product_category_permanent_crop,True,permanent_crop,land,uom.product_uom_ton,True,
agri.product_category_crop_marigolds,Marigolds,agri.product_category_crop,True,crop,land,uom.product_uom_ton,True,
agri.product_category_crop_marrows,Marrows,agri.product_category_crop,True,crop,land,uom.product_uom_ton,True,
agri.product_category_crop_medicagos,Medicagos [syn. Medics],agri.product_category_grazing,True,grazing,land,agri.agri_uom_ha,,True
agri.product_category_crop_melons,Melons,agri.product_category_crop,True,crop,land,uom.product_uom_ton,True,
agri.product_category_non_agri_minimum_cultivation,Minimum cultivation,agri.product_category_non_agri,True,non_agri,land,agri.agri_uom_ha,,True
agri.product_category_crop_mushrooms,Mushrooms,agri.product_category_crop,True,crop,land,uom.product_uom_ton,True,
agri.product_category_crop_musk_melons,Musk melons [syn. Canteloupe],agri.product_category_crop,True,crop,land,uom.product_uom_ton,True,
agri.product_category_permanent_crop_navels,Navels,agri.product_category_permanent_crop,True,permanent_crop,land,uom.product_uom_ton,True,
agri.product_category_permanent_crop_nectarines,Nectarines,agri.product_category_permanent_crop,True,permanent_crop,land,uom.product_uom_ton,True,
agri.product_category_oaks,Oaks,agri.product_category_timber,True,timber,land,agri.agri_uom_ha,,True
agri.product_category_crop_oats,Oats,agri.product_category_crop,True,crop,land,uom.product_uom_ton,True,
agri.product_category_permanent_crop_olives,Olives,agri.product_category_permanent_crop,True,permanent_crop,land,uom.product_uom_ton,True,
agri.product_category_crop_onions,Onions,agri.product_category_crop,True,crop,land,uom.product_uom_ton,True,
agri.product_category_permanent_crop_oranges,Oranges,agri.product_category_permanent_crop,True,permanent_crop,land,uom.product_uom_ton,True,
agri.product_category_permanent_crop_orchards,Orchards,agri.product_category_permanent_crop,True,permanent_crop,land,uom.product_uom_ton,True,
agri.product_category_crop_ornamentals,Ornamentals,agri.product_category_crop,True,crop,land,uom.product_uom_ton,True,
agri.product_category_permanent_crop_papayas,Papayas,agri.product_category_permanent_crop,True,permanent_crop,land,uom.product_uom_ton,True,
agri.product_category_crop_paprika,Paprika,agri.product_category_crop,True,crop,land,uom.product_uom_ton,True,
agri.product_category_crop_parsley,Parsley,agri.product_category_crop,True,crop,land,uom.product_uom_ton,True,
agri.product_category_crop_parsnips,Parsnips,agri.product_category_crop,True,crop,land,uom.product_uom_ton,True,
agri.product_category_grazing_pastures,Pastures,agri.product_category_grazing,True,grazing,land,agri.agri_uom_ha,,True
agri.product_category_crop_patty_pans,Patty pans,agri.product_category_crop,True,crop,land,uom.product_uom_ton,True,
agri.product_category_permanent_crop_pawpaws,Pawpaws,agri.product_category_permanent_crop,True,permanent_crop,land,uom.product_uom_ton,True,
agri.product_category_permanent_crop_peaches,Peaches,agri.product_category_permanent_crop,True,permanent_crop,land,uom.product_uom_ton,True,
agri.product_category_permanent_crop_pears,Pears,agri.product_category_permanent_crop,True,permanent_crop,land,uom.product_uom_ton,True,
agri.product_category_crop_peas,Peas,agri.product_category_crop,True,crop,land,uom.product_uom_ton,True,
agri.product_category_crop_peas_mange_touts,Peas - Mange touts [syn. Peas - Snap peas,agri.product_category_crop,True,crop,land,uom.product_uom_ton,True,
agri.product_category_crop_peas_snow_peas,Peas - Snow peas,agri.product_category_crop,True,crop,land,uom.product_uom_ton,True,
agri.product_category_permanent_crop_pecan_nuts,Pecan nuts,agri.product_category_permanent_crop,True,permanent_crop,land,uom.product_uom_ton,True,
agri.product_category_crop_peppers,Peppers,agri.product_category_crop,True,crop,land,uom.product_uom_ton,True,
agri.product_category_crop_peppers_bell_peppers,Peppers - Bell peppers,agri.product_category_crop,True,crop,land,uom.product_uom_ton,True,
agri.product_category_crop_peppers_chillies,Peppers - Chillies,agri.product_category_crop,True,crop,land,uom.product_uom_ton,True,
agri.product_category_crop_peppers_green_peppers,Peppers - Green peppers,agri.product_category_crop,True,crop,land,uom.product_uom_ton,True,
agri.product_category_crop_peppers_pimento,Peppers - Pimento,agri.product_category_crop,True,crop,land,uom.product_uom_ton,True,
agri.product_category_crop_peppers_piquante,Peppers - Piquante,agri.product_category_crop,True,crop,land,uom.product_uom_ton,True,
agri.product_category_crop_peppers_sweet_peppers,Peppers - Sweet peppers,agri.product_category_crop,True,crop,land,uom.product_uom_ton,True,
agri.product_category_crop_petunias,Petunias,agri.product_category_crop,True,crop,land,uom.product_uom_ton,True,
agri.product_category_non_agri_pigsties,Pigsties,agri.product_category_non_agri,True,non_agri,land,agri.agri_uom_sq_m,,True
agri.product_category_permanent_crop_pineapples,Pineapples,agri.product_category_permanent_crop,True,permanent_crop,land,uom.product_uom_ton,True,
agri.product_category_permanent_crop_pines,Pines,agri.product_category_permanent_crop,True,permanent_crop,land,uom.product_uom_ton,True,
agri.product_category_permanent_crop_pistachio_nuts,Pistachio nuts,agri.product_category_permanent_crop,True,permanent_crop,land,uom.product_uom_ton,True,
agri.product_category_permanent_crop_plums,Plums,agri.product_category_permanent_crop,True,permanent_crop,land,uom.product_uom_ton,True,
agri.product_category_crop_poinsettias,Poinsettias,agri.product_category_crop,True,crop,land,uom.product_uom_ton,True,
agri.product_category_non_agri_ponds,Ponds,agri.product_category_non_agri,True,non_agri,land,agri.agri_uom_sq_m,,True
agri.product_category_poplars,Poplars,agri.product_category_timber,True,timber,land,agri.agri_uom_ha,,True
agri.product_category_crop_potatoes,Potatoes,agri.product_category_crop,True,crop,land,uom.product_uom_ton,True,
agri.product_category_non_agri_potting_soil,Potting soil or mixtures,agri.product_category_non_agri,True,non_agri,land,agri.agri_uom_ha,,True
agri.product_category_non_agri_poultry_sheds,Poultry sheds,agri.product_category_non_agri,True,non_agri,land,agri.agri_uom_sq_m,,True
agri.product_category_permanent_crop_prickly_pears,Prickly pears,agri.product_category_permanent_crop,True,permanent_crop,land,uom.product_uom_ton,True,
agri.product_category_permanent_crop_proteas,Proteas,agri.product_category_permanent_crop,True,permanent_crop,land,uom.product_uom_ton,True,
agri.product_category_permanent_crop_prunes,Prunes,agri.product_category_permanent_crop,True,permanent_crop,land,uom.product_uom_ton,True,
agri.product_category_non_agri_public_health,Public health,agri.product_category_non_agri,True,non_agri,land,agri.agri_uom_ha,,True
agri.product_category_permanent_crop_pummelos,Pummelos,agri.product_category_permanent_crop,True,permanent_crop,land,uom.product_uom_ton,True,
agri.product_category_crop_pumpkins,Pumpkins,agri.product_category_crop,True,crop,land,uom.product_uom_ton,True,
agri.product_category_crop_quinces,Quinces,agri.product_category_crop,True,crop,land,uom.product_uom_ton,True,
agri.product_category_non_agri_railway_lines,Railway lines,agri.product_category_non_agri,True,non_agri,land,agri.agri_uom_ha,,True
agri.product_category_permanent_crop_raspberries,Raspberries,agri.product_category_permanent_crop,True,permanent_crop,land,uom.product_uom_ton,True,
agri.product_category_crop_rice,Rice,agri.product_category_crop,True,crop,land,uom.product_uom_ton,True,
agri.product_category_non_agri_road_sides,Road sides,agri.product_category_non_agri,True,non_agri,land,agri.agri_uom_ha,,True
agri.product_category_permanent_crop_rooibos_tea,Rooibos tea,agri.product_category_permanent_crop,True,permanent_crop,land,uom.product_uom_ton,True,
agri.product_category_permanent_crop_roses,Roses,agri.product_category_permanent_crop,True,permanent_crop,land,uom.product_uom_ton,True,
agri.product_category_crop_row_crops,Row crops,agri.product_category_crop,True,crop,land,uom.product_uom_ton,True,
agri.product_category_crop_rye,Rye,agri.product_category_crop,True,crop,land,uom.product_uom_ton,True,
agri.product_category_permanent_crop_satsumas,Satsumas,agri.product_category_permanent_crop,True,permanent_crop,land,uom.product_uom_ton,True,
agri.product_category_crop_seedbeds,Seedbeds,agri.product_category_crop,True,crop,land,uom.product_uom_ton,True,
agri.product_category_crop_seedlings,Seedlings,agri.product_category_crop,True,crop,land,uom.product_uom_ton,True,
agri.product_category_grazing_serradella,Serradella,agri.product_category_grazing,True,grazing,land,agri.agri_uom_ha,,True
agri.product_category_permanent_crop_sisal,Sisal,agri.product_category_permanent_crop,True,permanent_crop,land,uom.product_uom_ton,True,
agri.product_category_non_agri_soil,Soil,agri.product_category_non_agri,True,non_agri,land,agri.agri_uom_ha,,True
agri.product_category_crop_sorghum,Sorghum,agri.product_category_crop,True,crop,land,uom.product_uom_ton,True,
agri.product_category_crop_soya_beans,Soya beans,agri.product_category_crop,True,crop,land,uom.product_uom_ton,True,
agri.product_category_crop_spanspek,Spanspek,agri.product_category_crop,True,crop,land,uom.product_uom_ton,True,
agri.product_category_crop_spinach,Spinach,agri.product_category_crop,True,crop,land,uom.product_uom_ton,True,
agri.product_category_permanent_crop_spineless_prickly_pears,Spineless prickly pears,agri.product_category_permanent_crop,True,permanent_crop,land,uom.product_uom_ton,True,
agri.product_category_crop_squashes,Squashes,agri.product_category_crop,True,crop,land,uom.product_uom_ton,True,
agri.product_category_crop_strawberries,Strawberries,agri.product_category_crop,True,crop,land,uom.product_uom_ton,True,
agri.product_category_crop_sugar_beet,Sugar beet,agri.product_category_crop,True,crop,land,uom.product_uom_ton,True,
agri.product_category_permanent_crop_sugarcane,Sugarcane,agri.product_category_permanent_crop,True,permanent_crop,land,uom.product_uom_ton,True,
agri.product_category_crop_sunflowers,Sunflowers,agri.product_category_crop,True,crop,land,uom.product_uom_ton,True,
agri.product_category_crop_sweetcorn,Sweetcorn,agri.product_category_crop,True,crop,land,uom.product_uom_ton,True,
agri.product_category_crop_sweet_potatoes,Sweet potatoes,agri.product_category_crop,True,crop,land,uom.product_uom_ton,True,
agri.product_category_permanent_crop_table_grapes,Table grapes,agri.product_category_permanent_crop,True,permanent_crop,land,uom.product_uom_ton,True,
agri.product_category_permanent_crop_tangelos,Tangelos,agri.product_category_permanent_crop,True,permanent_crop,land,uom.product_uom_ton,True,
agri.product_category_permanent_crop_tangerines,Tangerines,agri.product_category_permanent_crop,True,permanent_crop,land,uom.product_uom_ton,True,
agri.product_category_permanent_crop_tea,Tea,agri.product_category_permanent_crop,True,permanent_crop,land,uom.product_uom_ton,True,
agri.product_category_crop_tobacco,Tobacco,agri.product_category_crop,True,crop,land,uom.product_uom_ton,True,
agri.product_category_crop_tomatoes,Tomatoes,agri.product_category_crop,True,crop,land,uom.product_uom_ton,True,
agri.product_category_crop_triticale,Triticale,agri.product_category_crop,True,crop,land,uom.product_uom_ton,True,
agri.product_category_non_agri_turf,Turf,agri.product_category_non_agri,True,non_agri,land,agri.agri_uom_ha,,True
agri.product_category_crop_vegetables,Vegetables,agri.product_category_crop,True,crop,land,uom.product_uom_ton,True,
agri.product_category_non_agri_verges,Verges,agri.product_category_non_agri,True,non_agri,land,agri.agri_uom_ha,,True
agri.product_category_permanent_crop_walnuts,Walnuts,agri.product_category_permanent_crop,True,permanent_crop,land,uom.product_uom_ton,True,
agri.product_category_crop_watermelons,Watermelons,agri.product_category_crop,True,crop,land,uom.product_uom_ton,True,
agri.product_category_non_agri_waterways,Waterways,agri.product_category_non_agri,True,non_agri,land,agri.agri_uom_ha,,True
agri.product_category_wattles,Wattles,agri.product_category_timber,True,timber,land,agri.agri_uom_ha,,True
agri.product_category_crop_wheat,Wheat,agri.product_category_crop,True,crop,land,uom.product_uom_ton,True,
agri.product_category_willows,Willows,agri.product_category_timber,True,timber,land,agri.agri_uom_ha,,True
agri.product_category_permanent_crop_wine_grapes,Wine grapes,agri.product_category_permanent_crop,True,permanent_crop,land,uom.product_uom_ton,True,
agri.product_category_permanent_crop_youngberries,Youngberries,agri.product_category_permanent_crop,True,permanent_crop,land,uom.product_uom_ton,True,
agri.product_category_crop_zucchini,Zucchini,agri.product_category_crop,True,crop,land,uom.product_uom_ton,True,
